X,Y,Z,Type
Timestamp: ,1815278595519655,Fast
0.0,0.0,0.0,Fast
0.399477,-0.14555454,-0.65918076,Fast
-1.1236366,0.58101845,0.99282986,Fast
0.7058985,-0.0511446,0.7605533,Fast
-0.329952,-0.07983589,0.28545344,Fast
0.08105254,-0.138381,0.5868653,Fast
1.0120778,0.09011936,-0.1478219,Fast
1.5895487,0.42062283,-0.12673342,Fast
-1.7644542,-0.11003685,0.45175433,Fast
-0.40500566,0.09093666,0.3827796,Fast
-0.087292,-0.06315136,0.90186477,Fast
-0.05932787,-0.10737038,0.9063009,Fast
0.6787856,-0.15955067,0.7835535,Fast
-1.2222922,0.7399912,1.2789687,Fast
0.76458234,-0.16356945,1.010745,Fast
1.0685129,-0.38271713,-1.1553476,Fast
-1.3504015,-0.8786092,-1.3746805,Fast
-3.9521656,-1.1312642,1.0457377,Fast
-0.87656265,3.3180332,0.41174555,Fast
0.20720237,-1.3910894,1.4920489,Fast
-0.85614353,-0.59929085,2.6287374,Fast
1.9191048,0.3870592,-2.4743567,Fast
3.4036193,6.52683,-4.9060574,Fast
2.7129323,2.3669116,-0.9536977,Fast
0.17982674,-1.4607677,0.25137758,Fast
-5.0601397,-1.8668432,4.525735,Fast
-1.6635877,-0.840631,2.0955882,Fast
-2.713098,-1.7208433,1.4958103,Fast
-1.5367322,-1.8908043,2.1778438,Fast
1.8241302,-1.2336802,0.528842,Fast
2.9382467,2.5942316,-3.6052058,Fast
0.012986422,2.2582178,-1.8817104,Fast
0.60261226,0.3861928,-1.4677403,Fast
-2.1462889,0.22628355,-0.8923669,Fast
-1.628705,-1.2739992,0.8130958,Fast
-2.219502,-0.14488792,2.0166364,Fast
0.61345583,1.0445461,-1.3232291,Fast
1.7392943,0.35699654,0.59611654,Fast
0.772013,0.4198389,-0.96766186,Fast
0.8038119,1.3941956,-1.9359269,Fast
0.57142365,1.608387,-1.1243382,Fast
-1.4442542,-1.485795,2.3796616,Fast
-0.236655,0.18323708,0.3420267,Fast
-0.37796712,-0.014154434,-0.19511223,Fast
-0.10601246,0.6176071,-0.10102558,Fast
-0.3713838,0.11945343,-0.038348198,Fast
-0.11867678,0.2528267,-0.0565567,Fast
0.016165733,0.03720379,0.0050098896,Fast
-0.16155195,0.032432556,0.1878233,Fast
-0.1391356,0.13301563,-0.05956459,Fast
-0.09101081,-0.029364586,0.16949677,Fast
-0.17162848,0.034665108,0.31741357,Fast
0.17575908,-0.32209873,-0.17327309,Fast
-0.39506638,0.22521782,-0.349221,Fast
-0.36417615,0.022515297,-0.2888819,Fast
0.08496106,-0.7418852,0.4767995,Fast
0.09995508,0.113497734,0.64257765,Fast
0.84222007,0.308671,0.07784057,Fast
0.6390281,0.14024544,-1.2088203,Fast
-0.5965531,0.2937088,-0.88782024,Fast
-1.7080929,-1.2532907,-0.66204333,Fast
-3.8389926,-1.276907,0.7474952,Fast
-0.6799785,1.7577105,-0.21749067,Fast
-0.30354267,-0.9471035,0.44092298,Fast
-1.2396425,0.019719124,1.6077359,Fast
2.0777225,-0.6705389,-1.1708739,Fast
2.0652304,2.7321024,-3.9434538,Fast
-0.5782298,0.68038464,-1.6078305,Fast
-1.5594609,-0.6183834,0.3468833,Fast
-0.46712178,-0.038635254,-1.459578,Fast
-1.6049333,1.61057,-1.065825,Fast
-0.55676395,0.72688866,-0.74456215,Fast
-0.7466078,0.58351946,-0.48295212,Fast
0.3273074,-0.3853898,0.466259,Fast
-0.459733,-0.14410257,1.1613445,Fast
0.7024219,0.7875948,-1.1151934,Fast
3.9363642,3.6290753,-2.491499,Fast
0.6832876,4.8561234,0.4180298,Fast
-2.0345201,-1.479467,1.3043394,Fast
0.81941605,-2.9151795,3.9107037,Fast
-2.5025349,-2.7324586,-2.598504,Fast
1.7852982,0.812572,-1.199563,Fast
-0.2907176,3.2311854,0.2683134,Fast
-1.7488735,2.4596717,0.755496,Fast
0.96345425,-0.53933454,0.026447296,Fast
1.2265601,-2.6587834,0.33661652,Fast
1.3779433,-0.6026156,1.17098,Fast
1.73051,-0.25128543,0.8777962,Fast
-0.13810396,-0.5464606,-0.0989151,Fast
-0.7095046,2.4279118,-3.0381136,Fast
-1.590497,0.012033939,-0.47374773,Fast
-0.6594126,-3.0728903,1.463727,Fast
-1.597872,-3.312438,1.4106274,Fast
-2.4985104,-4.8998446,2.0751724,Fast
1.1949449,-3.5063794,0.5349755,Fast
0.389807,-2.020857,-3.308807,Fast
-0.61089516,0.49670076,0.33580112,Fast
-1.4252508,-0.54558873,1.0756369,Fast
-0.37566215,-0.1308341,-0.19504642,Fast
-0.081308365,0.30494404,-1.5041866,Fast
-0.65732867,1.5786767,0.45418262,Fast
2.2176237,2.1392612,-1.8683252,Fast
-1.4869503,5.852547,1.4905405,Fast
1.0610104,0.03580171,-1.3585176,Fast
-0.574986,-2.79109,0.8077955,Fast
1.564421,-2.606683,7.178067,Fast
2.8761055,-3.6220536,5.979622,Fast
2.713929,-5.2817163,-1.7289643,Fast
0.9264977,-2.0332453,-3.0895782,Fast
-0.048397064,1.2700019,-2.2990417,Fast
-1.5542789,0.09336805,-0.18067598,Fast
-0.31637144,-0.084308624,1.0421524,Fast
0.9213958,0.63869953,0.46038198,Fast
-3.5564048,-0.9032526,-0.2673397,Fast
-1.5930493,-0.76861,-0.92650604,Fast
0.133672,0.89801073,0.061140537,Fast
1.5957379,0.6141882,-0.5915327,Fast
-0.34765673,1.4953699,0.1382513,Fast
1.2072544,2.7858553,-0.15433168,Fast
1.0867896,0.75668526,-0.13727236,Fast
0.6707454,1.1986461,-1.8314493,Fast
0.6841674,0.5004883,1.6539228,Fast
-5.2512655,-2.2260294,0.79527235,Fast
0.83763885,-4.367866,-1.1611139,Fast
3.7165246,-7.9242654,-2.7085943,Fast
2.6192153,-5.0682755,-4.2079926,Fast
-4.7120667,11.160524,2.434856,Fast
-3.073866,1.1072454,6.96317,Fast
-2.0212135,0.0521307,3.5035887,Fast
1.0044739,-1.200633,-1.0940824,Fast
2.1808515,-2.9766307,0.6831608,Fast
-0.63983846,1.649004,3.3152125,Fast
-0.22360194,-0.047549248,0.32026196,Fast
-0.24958469,-0.11324978,1.4419005,Fast
0.61264575,-0.58198166,1.563729,Fast
2.2573829,1.1843996,-0.8055167,Fast
3.2999322,2.2172585,-4.6983953,Fast
-0.9659524,1.61695,-2.093359,Fast
-0.53526425,-0.6464505,0.015113354,Fast
-2.9432888,-0.205791,1.6664109,Fast
-0.4381953,2.483179,-0.72176456,Fast
0.8720642,-0.7191887,0.22353864,Fast
-0.28516552,0.13782978,1.5777338,Fast
1.806108,-0.033821106,-0.67875934,Fast
1.6002172,3.4534993,-4.98213,Fast
-2.411986,3.53441,-2.9104357,Fast
-2.3087375,-1.1412115,-0.34644318,Fast
-0.40962315,1.9369988,-2.0216713,Fast
-0.1742506,0.17601156,0.64408255,Fast
-0.21038723,0.65407276,-0.19806767,Fast
0.6070113,2.606258,-2.2014284,Fast
1.0628681,2.324038,0.1098814,Fast
-1.5061314,2.9679823,1.8826799,Fast
-0.10957408,2.3436117,1.7271805,Fast
-1.435271,1.3456235,2.069283,Fast
0.41879082,-0.557539,0.51806784,Fast
0.6097684,-0.20922041,1.131999,Fast
-0.24059296,0.23868942,0.5863919,Fast
0.61288524,-1.8606968,-1.9305851,Fast
0.9690616,-2.627674,-2.3791866,Fast
-0.10229635,-1.4963088,-0.5845823,Fast
-0.48180842,-0.9471774,-0.32792425,Fast
-0.7178502,-0.98914623,-0.49837732,Fast
-1.2126188,-1.3386545,0.56065464,Fast
-0.72040033,-1.2848806,0.4673357,Fast
1.4488351,1.1781733,-0.5200281,Fast
1.3743262,0.38892698,-0.64706516,Fast
-0.7974396,-1.6539545,0.5884218,Fast
-0.5706763,0.8569758,-0.22356415,Fast
-1.8711174,-0.33280277,0.4410591,Fast
-1.4178813,-1.9135332,-1.347228,Fast
3.2319605,-0.8647928,-0.5928769,Fast
2.1350856,-1.9280345,2.7232008,Fast
0.90123034,-3.520032,3.2909303,Fast
1.4547081,-2.6803014,0.92445993,Fast
0.799273,-2.374101,-1.2137518,Fast
0.638247,-0.98078024,-0.14567423,Fast
0.37851906,0.14678454,-0.6912265,Fast
0.23746347,0.88826466,-0.41948938,Fast
-1.0467129,-1.1969606,0.449749,Fast
-2.1980247,-2.7025912,2.938043,Fast
1.1331563,0.037788868,-1.1886377,Fast
1.0039463,1.2322392,-1.8347609,Fast
-1.0610852,1.0261645,-0.9487462,Fast
-1.8407845,-1.135114,-0.5025048,Fast
0.09464884,2.4426284,-2.035831,Fast
-0.06162405,1.6651564,-3.9758878,Fast
-1.0343103,0.82938313,1.222743,Fast
-0.5131173,-0.8093431,1.2051077,Fast
-0.44350052,-0.6259055,0.7664895,Fast
-0.035163403,0.70335054,-0.14157104,Fast
-0.20232534,0.12567091,-0.13599348,Fast
-0.46852875,1.2298499,-0.5285721,Fast
-1.0745251,-0.27326906,-0.028618813,Fast
-0.7823932,0.29305196,-0.23151016,Fast
-0.061367035,0.0012564659,0.7553253,Fast
-0.81625915,-0.12564301,0.44047356,Fast
0.6678724,-0.7675462,1.1093807,Fast
-1.4389706,-2.1145644,1.0210023,Fast
-0.6584506,-1.1187658,1.6561952,Fast
0.0034906864,-1.2768455,0.104842186,Fast
0.75027835,-0.0097875595,-1.9625697,Fast
2.8542302,1.477314,-2.1956115,Fast
-2.385349,0.5209155,0.218256,Fast
-0.47448778,-0.38442802,1.7390385,Fast
0.86373734,-3.0926666,2.3773932,Fast
-0.060086727,3.4105444,-1.6256537,Fast
2.3826923,0.56833506,-1.0865679,Fast
-0.34614468,-0.508502,1.3303719,Fast
-0.59693027,-0.9818497,1.6801863,Fast
-0.0991528,0.22163582,-0.35620832,Fast
0.06345427,0.75145483,-2.2519526,Fast
1.6463468,1.3863106,-0.6648884,Fast
1.1588932,1.0999722,-0.30307674,Fast
-0.5373061,4.264013,-0.15992069,Fast
-2.6078193,5.8104954,1.0083427,Fast
0.27656484,2.3766966,0.78980255,Fast
1.2094042,2.060336,0.4511652,Fast
-0.2868209,-0.9171324,0.85379934,Fast
1.2284944,-1.488688,0.8860717,Fast
-0.20191908,-2.2627797,0.06702757,Fast
1.9495726,-3.280436,-2.7289066,Fast
-2.7243729,-1.0143175,-1.4012365,Fast
1.1847992,-2.115599,-1.2733464,Fast
-2.442998,-1.519873,-0.40748215,Fast
1.6065695,0.39128804,-1.2793422,Fast
-1.7733066,0.65779537,0.06704426,Fast
-1.1456337,1.713511,0.30595398,Fast
-0.041873932,-1.1178726,0.8516407,Fast
0.3459835,-1.7488074,-0.61550426,Fast
0.04651022,-0.57124186,-0.67580605,Fast
0.06760764,1.5268886,1.5992508,Fast
-0.77176905,-1.8022451,-0.83697176,Fast
-0.61038685,0.28123474,1.2840776,Fast
-0.5198517,-1.652122,1.6908569,Fast
-1.4346218,-3.1031208,-0.20775223,Fast
-0.12213063,-2.2437148,-0.11589241,Fast
-0.7601738,-1.5505972,0.12047577,Fast
-2.0917912,-2.0271738,0.94766235,Fast
4.1009364,1.3169966,-3.4086328,Fast
-0.772027,0.45189714,1.0982018,Fast
-1.05023,-0.8396654,1.4882622,Fast
0.3060131,0.6548066,-0.75962543,Fast
-1.8470697,0.055033207,-0.15576649,Fast
0.22211885,-0.5606899,-1.8971052,Fast
-0.0991807,1.0624886,-0.42705345,Fast
-1.7865655,0.43962765,-0.51227427,Fast
-0.30200458,0.6959009,-0.5002332,Fast
-0.17092228,0.0659461,0.08830595,Fast
-0.26491022,0.110602856,1.3774271,Fast
-0.005882263,-1.5322022,2.1876373,Fast
-0.52650845,-0.6625776,1.2308464,Fast
0.43695512,-0.12888336,1.0757382,Fast
1.0164181,-0.8545499,0.36039662,Fast
0.54197776,0.9219465,-1.5073326,Fast
1.0525151,1.4467521,-1.6654027,Fast
0.43911147,0.8591285,-0.24777365,Fast
0.444638,0.73108816,-0.06377649,Fast
0.7409744,0.59298515,-0.3602147,Fast
1.7643499,-0.30937576,-1.4466224,Fast
2.800737,2.6722322,1.339088,Fast
0.02305007,-3.7265434,-2.1296163,Fast
-0.17496556,-6.638831,-2.233491,Fast
4.946991,-4.56631,-6.734294,Fast
-6.3839645,14.564451,6.740618,Fast
-1.9252086,2.2936735,6.300275,Fast
-3.3944411,-3.9711585,1.6695604,Fast
1.022286,-2.2393823,0.20064497,Fast
-2.295097,0.7018242,3.9446676,Fast
-0.053177953,-1.738378,1.6618924,Fast
-0.8148812,-0.37060165,2.8983805,Fast
3.307664,1.4983578,-1.269262,Fast
2.3770773,-0.3424058,-3.852344,Fast
-0.15098095,3.1286058,-1.9777765,Fast
0.0018413067,-0.48431873,0.2927723,Fast
-1.681895,-2.0020847,2.101772,Fast
0.23445606,3.2440414,0.71298575,Fast
-0.53794646,-0.78117657,-0.2562108,Fast
-0.36275882,0.31935883,1.5725908,Fast
-0.57891524,-0.8481741,2.1234498,Fast
2.476424,1.2043133,-2.019484,Fast
2.1817634,0.6388502,-3.6302357,Fast
-0.69882154,2.2885385,-2.4884088,Fast
-0.8687608,-0.42013884,0.49540138,Fast
-2.1305377,-0.50391865,1.66745,Fast
1.3883226,0.82992935,-0.11842823,Fast
-0.9876134,0.14106274,0.3014536,Fast
0.80624545,-0.06374836,0.09630823,Fast
0.17400724,0.26143932,1.3870164,Fast
1.0164015,0.080937386,0.9718894,Fast
1.4482577,0.15053463,-0.26205504,Fast
1.6136798,0.6400614,-2.013291,Fast
-0.43293595,0.92727757,-2.6348884,Fast
-0.25063825,0.92557335,-2.09602,Fast
-1.2537653,0.056346893,-0.67283964,Fast
-1.20561,-1.0477772,1.1147623,Fast
-0.21814513,1.0634842,0.442734,Fast
-0.58719635,-0.10675335,-0.8203738,Fast
1.0026139,0.7311907,-1.1758709,Fast
0.16818643,0.45009136,0.8326733,Fast
-0.25228572,0.23869991,-0.6019416,Fast
0.14662457,1.0265975,-0.90472245,Fast
-0.601037,-0.107982635,0.51803493,Fast
-0.6403682,-0.55397224,0.55815125,Fast
-2.273467,-1.2450218,0.6291671,Fast
-1.9575016,-0.08934879,-0.6937165,Fast
0.7607414,-0.055583954,0.44252586,Fast
-0.03506875,0.27636147,0.26020527,Fast
-0.45988756,0.064949036,0.78808975,Fast
0.42613792,-0.025274277,-0.124831915,Fast
0.4181087,0.099513054,0.06573057,Fast
0.042321444,0.22627163,-0.76421237,Fast
0.4001433,0.13495159,-0.8365197,Fast
1.5548906,1.3992338,-1.6050057,Fast
2.8785186,5.590229,-2.3666573,Fast
-1.4871112,4.1031127,-3.3375964,Fast
-3.049331,0.23105621,0.10266018,Fast
-0.27023333,0.47931194,2.9010668,Fast
1.389177,-3.9582543,3.4279814,Fast
2.0869803,-3.3127012,1.0776119,Fast
1.5118337,-2.7352908,-0.675272,Fast
1.1973273,-1.267092,-1.3731813,Fast
-0.2239449,-1.1149542,1.9465342,Fast
0.5349574,-0.5696764,2.8528113,Fast
-0.25641155,-1.5227687,-1.7062583,Fast
0.67460036,-0.14688158,0.20302677,Fast
-0.20260525,-0.80280685,-0.33265162,Fast
-1.5957398,-1.6022949,4.3543134,Fast
0.0405221,0.5196204,1.0497632,Fast
0.7915833,-1.7643166,-0.64067554,Fast
2.074994,0.20361805,-1.3282752,Fast
-0.48231697,0.4904747,-0.8000698,Fast
-1.7846708,-0.14113998,0.055987835,Fast
-1.4805732,-0.6985607,0.4051118,Fast
-0.836678,-0.28264093,0.63061094,Fast
1.1884623,1.1222229,-0.30329752,Fast
0.9770119,0.8405032,-1.1869345,Fast
0.6191435,1.0657549,0.007490158,Fast
-0.41585112,-1.426507,2.1508064,Fast
-0.24450636,-0.18334293,2.5785952,Fast
0.82390594,0.6290703,-0.38617492,Fast
-0.6227622,-0.2141509,-0.9371402,Fast
-0.3234396,-0.14259624,-1.3620043,Fast
-0.5468774,1.3231068,-3.017516,Fast
-0.43345118,2.6011739,-2.0023413,Fast
-1.4212227,3.7141035,-0.68911505,Fast
-0.45924282,4.3034163,0.93236494,Fast
-1.0942426,3.3774374,1.8948984,Fast
0.99290323,0.8640175,0.14937735,Fast
0.8129535,-1.3694582,0.29292583,Fast
0.3371954,-2.751782,0.29293823,Fast
1.5035224,2.3987427,0.28958702,Fast
-0.39417124,-3.8729277,-1.2055025,Fast
0.51934385,-2.137794,-1.0472269,Fast
1.4512067,0.38643408,-0.58755064,Fast
-0.79649687,-1.5230942,0.2585926,Fast
-0.033833504,-0.21058416,-0.3978629,Fast
0.24062872,-1.5395179,-1.4662042,Fast
-0.15256023,0.2931409,-0.9659004,Fast
-0.5446768,-0.1576128,-0.33265305,Fast
-1.443852,-2.3629,0.73899364,Fast
0.29715538,-1.2265759,-0.38780737,Fast
-0.21362972,-2.532261,-0.83339834,Fast
-0.045413017,-2.1564968,-0.28293943,Fast
-1.8350763,-2.9450393,-0.80294704,Fast
-1.3872075,-1.5849836,-1.0902815,Fast
-1.724853,-1.6053092,-1.1413579,Fast
-1.6777933,-0.639704,0.7603235,Fast
-2.664627,-1.725853,-0.5746527,Fast
0.27998948,0.03420019,-0.501904,Fast
0.06584215,0.0792532,0.11422157,Fast
-0.78981805,-0.2926855,0.33687687,Fast
1.4017739,0.9986563,-0.2866974,Fast
0.69706273,0.605628,-1.067893,Fast
-1.1635253,-0.6987591,0.5499525,Fast
-0.5892856,0.27961016,1.5874076,Fast
1.1414638,0.13963509,-1.8040028,Fast
1.8923929,1.0863719,-0.2663989,Fast
-0.54680157,0.4966178,0.6649518,Fast
-1.6969743,1.6196609,-1.5433483,Fast
-0.7409459,0.66504145,-0.0016741753,Fast
-1.3513253,-1.0747528,0.79880476,Fast
-0.83998805,-1.2251625,1.3496976,Fast
0.042771578,0.1703291,0.62906456,Fast
0.013463736,1.9762521,0.710948,Fast
2.1780057,1.2883945,0.08106613,Fast
0.90133834,-0.34359455,0.9023571,Fast
1.5368602,-0.5908098,-0.54264593,Fast
2.804634,-1.9439528,-1.8919826,Fast
-1.1373267,0.52578115,0.056954384,Fast
-0.5991497,-0.65200186,1.2456894,Fast
0.7528599,-0.29685402,0.45510244,Fast
-0.4205253,0.07194376,0.6422367,Fast
2.274261,0.10110998,-0.1159153,Fast
0.934802,-0.40336752,0.24658442,Fast
0.20000267,0.04304838,0.28411913,Fast
0.1013754,0.11990023,0.1873002,Fast
-0.40827298,-0.17749548,0.2855668,Fast
-0.61116993,-0.072062016,0.22294474,Fast
-0.53973234,-0.08224487,0.08099604,Fast
0.5770159,-0.26245737,-0.09072161,Fast
1.1464813,0.9790797,-0.14704847,Fast
1.1320767,1.0087543,0.054236412,Fast
0.96339893,0.660861,0.043510914,Fast
0.5707648,0.7431121,0.16993427,Fast
0.5823841,0.14598608,0.20860052,Fast
0.13404465,0.1164968,0.04309559,Fast
-0.5437808,-0.016271353,-0.12230492,Fast
0.3984437,-0.27972364,0.38869715,Fast
0.33504868,-0.079265594,0.48342323,Fast
-0.5711365,-0.4165578,0.8332572,Fast
1.0810957,0.3017969,-0.9924784,Fast
1.4617696,1.2423282,-1.5971141,Fast
-1.1387076,1.6802298,-0.9586868,Fast
-1.2075257,0.9867916,0.29668427,Fast
-0.76361537,-1.3188605,1.1894932,Fast
-0.5852754,-2.1365585,0.548151,Fast
-1.2552369,-1.3987975,0.5175657,Fast
0.35407805,-0.2494272,0.19612217,Fast
-0.027879477,0.16010392,-1.9695392,Fast
0.5781088,1.6835508,-0.9459729,Fast
0.8378854,0.7050961,-0.17908144,Fast
0.15314913,0.8780166,2.8512917,Fast
0.024811745,-4.0750246,3.847313,Fast
-2.4628088,-11.631627,0.35389853,Fast
-1.0742441,-6.962872,-0.36498857,Fast
2.644201,-5.897091,-3.5010006,Fast
-0.511883,2.619905,0.017620087,Fast
-2.2480516,8.924157,7.936471,Fast
-1.3108625,2.8679028,2.1754537,Fast
2.9487529,-3.8396637,-2.8816893,Fast
-1.0994673,0.9467702,0.62785006,Fast
-0.28337383,-2.720479,3.066717,Fast
0.27465987,0.9122391,3.8479235,Fast
-0.08030081,0.061528206,0.22781086,Fast
0.42850268,-0.18814564,0.4430368,Fast
-0.5852188,0.040873528,1.4846896,Fast
0.4587366,-0.26980305,1.9047105,Fast
2.856911,2.1273184,-1.4995391,Fast
3.241895,0.53696823,-3.3726778,Fast
0.31001854,2.275803,-1.6991136,Fast
-0.42812014,-0.8727722,0.37507772,Fast
-2.0665615,-1.2807555,2.1344018,Fast
0.21379197,2.4986982,0.27824378,Fast
0.14523655,-0.22520351,-0.062520504,Fast
-0.7807276,-0.20167637,1.7965841,Fast
-1.0150496,-0.1666851,2.8187342,Fast
2.8211772,-0.28824234,-0.35116577,Fast
2.3222408,1.3770466,-3.633741,Fast
-1.0851774,2.5370193,-2.4612865,Fast
-0.39142013,0.14608622,-0.9797535,Fast
-2.236277,-1.3829803,1.1704268,Fast
-0.4320345,1.685894,2.2633445,Fast
-0.539726,-0.6717138,-0.24973345,Fast
-0.07319857,0.20146179,0.24398994,Fast
-0.79578274,-0.030391693,1.8226671,Fast
-0.7060205,-0.35178757,2.1085334,Fast
2.0306082,1.1477175,-1.0632714,Fast
2.159644,0.5958605,-3.6696029,Fast
-0.04592085,2.3633614,-2.3531039,Fast
-0.78753424,-0.438478,-0.7106919,Fast
-2.5836222,-1.4864883,1.2589927,Fast
-0.5879071,0.8683243,1.5336366,Fast
0.5604526,0.8011074,0.6223922,Fast
-0.24543938,-0.24653149,1.7173363,Fast
1.7741894,-0.42023945,2.566495,Fast
1.559699,0.19720745,-1.17028,Fast
-0.4099059,3.0011168,-4.448047,Fast
-0.50054455,-0.059972763,-1.4442353,Fast
-2.3443825,-0.647871,-0.55148363,Fast
-2.3618965,-2.933371,2.845639,Fast
0.8526772,3.809556,-1.0923903,Fast
0.48146126,-0.97066593,1.2290847,Fast
0.2175923,0.3876009,3.0035298,Fast
1.4700297,0.33258438,-1.0732417,Fast
0.8000307,0.90499306,-3.6652343,Fast
-2.4100442,0.030313492,-1.0063319,Fast
-1.984834,-2.5434895,1.2604871,Fast
-3.8751183,0.38708687,0.81384516,Fast
-0.5215559,0.24504471,-0.32993627,Fast
0.2343833,0.32417965,0.19435334,Fast
-0.31303585,-0.31103516,2.5898213,Fast
-2.3713338,-0.42029476,2.959068,Fast
-0.34963942,0.59959126,-0.15263605,Fast
1.7890569,0.90222454,-2.8633687,Fast
1.673723,0.79763126,-2.517059,Fast
-0.23451853,0.5974326,-0.75349927,Fast
0.13486218,0.8999028,-0.7544346,Fast
0.036528826,-0.13566351,0.8934388,Fast
-0.93487835,-1.5716972,3.2018554,Fast
0.43863583,0.09062481,1.4119332,Fast
-1.3576035,0.35485268,0.49622273,Fast
-0.11639437,-0.22136402,1.9367015,Fast
1.9393561,-0.80114174,1.8939371,Fast
2.673962,1.2506638,-2.5461087,Fast
0.0048696995,2.4277859,-3.696761,Fast
0.15652657,0.564394,-1.450213,Fast
-1.2347138,-0.045148373,-0.7226794,Fast
-0.29235435,-0.55523634,0.28340387,Fast
-0.84209347,0.43549204,-1.5973117,Fast
-0.36014688,1.641285,-0.6074157,Fast
-0.7615824,0.4619031,0.25534868,Fast
0.17356122,-0.35781193,0.68805313,Fast
-0.6349813,-0.11087227,0.8300977,Fast
0.008818328,-0.38974142,0.72202826,Fast
1.2450716,1.4991803,0.46943474,Fast
2.1732407,2.1226315,-2.1010537,Fast
0.6016245,2.259764,-2.8336945,Fast
-2.1179721,-0.16805768,-1.1900234,Fast
-0.7910838,0.15920043,0.19853783,Fast
-0.9773052,0.26096487,3.8407426,Fast
-0.372828,-1.2677732,1.8627143,Fast
0.15739536,-1.8959427,-0.092797756,Fast
0.2370193,-0.65999985,-1.2035103,Fast
0.86072755,1.0742912,-1.340982,Fast
1.0804195,1.7385871,-0.8761687,Fast
0.97794056,1.7320583,0.5481663,Fast
0.64229536,-0.04043305,1.3395414,Fast
-0.17081165,-0.54795456,0.5626564,Fast
1.1601133,-0.34260058,0.55450535,Fast
-1.1160302,-1.595874,0.79997635,Fast
-1.4438543,0.033730984,-0.76917124,Fast
-1.3975234,-0.6396446,-0.26338005,Fast
-2.1278658,-1.0599477,-0.23114872,Fast
-0.40448332,-0.32038927,0.13320923,Fast
0.48825884,0.07989788,-0.19348145,Fast
0.5099869,0.23386335,-0.59126663,Fast
-0.06124592,-0.45654082,0.5709429,Fast
-1.9127378,-2.0887346,1.929266,Fast
-0.42509604,-2.8500154,1.939651,Fast
-0.068566084,-3.2821894,2.183113,Fast
0.4161023,-1.4067836,0.942173,Fast
1.4118537,-0.1152606,-2.544472,Fast
0.56571007,1.5100646,-2.3441415,Fast
1.1638283,2.7091432,-1.124588,Fast
0.34299326,1.5734138,-0.027008057,Fast
0.3232653,1.5399003,0.20488071,Fast
-0.7844267,0.10683775,-0.30703163,Fast
-0.7421658,-0.8129976,-0.54594135,Fast
-0.41254187,-0.0083146095,0.5091944,Fast
-0.3815267,-0.019839287,0.8729696,Fast
0.9779482,-0.13364601,0.052122116,Fast
-0.113096476,-0.55650973,-0.056729317,Fast
0.31193495,-0.73607326,0.22409773,Fast
-0.6980853,-2.4739904,3.434514,Fast
-1.6071844,-1.1851602,1.6677017,Fast
0.1429205,-1.2681093,-0.53259706,Fast
1.5150473,-0.39566135,-0.3327303,Fast
1.228131,1.1307969,-1.1347938,Fast
-0.6625557,1.3889732,-1.0132489,Fast
-0.7417898,-0.26887846,0.65540457,Fast
0.21184874,0.15220547,0.15031338,Fast
0.30443525,0.26333618,0.14996862,Fast
0.3175807,0.053572178,0.49645805,Fast
-0.28011274,0.5765133,-0.5020118,Fast
0.0348258,0.9709487,-0.888082,Fast
-0.051552773,0.83930874,0.13363266,Fast
-0.39492035,0.44622564,2.0594835,Fast
-0.39445686,-0.106013775,2.7947044,Fast
0.66555333,-1.5008287,1.3641596,Fast
-0.65895367,-2.6255283,-2.2380567,Fast
-0.38122034,-0.12966204,-2.1694872,Fast
-0.8497939,0.4229474,-1.3996263,Fast
-0.20915318,1.5482497,-0.6167841,Fast
-0.25133538,2.4761074,-0.99154663,Fast
-0.6649792,2.7312884,-0.5208092,Fast
-0.37315083,1.5872538,0.05132103,Fast
0.44519687,-1.043988,-0.2183876,Fast
-0.048281193,-1.041091,0.37711525,Fast
-0.2323637,-1.6327138,1.1677237,Fast
-0.7397895,-0.7013215,0.74479485,Fast
-1.2492335,-0.45956767,-0.66444683,Fast
-1.3298274,-0.4747908,-0.47599792,Fast
-0.64153063,-0.3752457,-0.2226162,Fast
-0.7753223,0.66310585,-0.8250656,Fast
0.6799449,-0.17587948,-0.3530922,Fast
-0.4701627,-2.2336364,4.2002296,Fast
1.4577417,-1.8058729,-0.3762102,Fast
0.91701627,-2.0673072,1.2550611,Fast
1.254978,-0.3012104,-0.85258675,Fast
-0.30705655,0.6880069,-1.4308643,Fast
-0.6074383,0.65984106,0.30008698,Fast
-0.16352367,-0.02152586,-0.13900566,Fast
1.0088528,-0.124402046,-0.07479,Fast
-0.6330786,0.3846197,0.4556284,Fast
-0.4434451,0.4311247,-0.69382715,Fast
0.68580496,0.64073515,-0.61795425,Fast
1.2967522,0.28338718,1.0811973,Fast
-0.4397838,-1.2245255,3.1119514,Fast
1.8229731,-7.7280846,2.389175,Fast
1.6645384,-10.727409,-2.672763,Fast
5.6782613,-3.7419624,-6.5264697,Fast
-5.548107,16.562979,6.2266607,Fast
-1.8515866,2.782938,9.787982,Fast
0.94564795,-7.421855,1.216229,Fast
-2.0049193,-0.5910435,3.738184,Fast
0.21140099,0.8573227,4.4654584,Fast
0.37774545,-1.8791642,3.1374414,Fast
4.183356,1.4688711,0.35303354,Fast
2.6254568,0.727613,-3.8293843,Fast
1.0666763,2.4767652,-2.5036654,Fast
-0.2508874,0.20745277,2.304057,Fast
-2.0798364,-2.4522414,3.3497398,Fast
-0.31255683,2.3062706,1.0043511,Fast
-0.8595048,-0.32726765,1.2605798,Fast
0.25154817,-0.20110226,1.8126371,Fast
0.9992325,0.17302322,1.8322247,Fast
3.1300864,0.7391286,-2.6922894,Fast
0.95528185,3.8616767,-3.1916077,Fast
2.107248,-0.8200331,9.77993E-4,Fast
-3.8459876,-0.4247079,2.2534525,Fast
-0.841352,2.4022846,1.7487843,Fast
-0.4655651,-1.2407146,1.020071,Fast
-1.2569253,0.038392067,1.6641319,Fast
0.23820227,0.62648964,0.50944614,Fast
3.2702956,0.95419216,-3.2700777,Fast
0.0618335,2.0394793,-2.6248815,Fast
0.04726255,-1.9274206,0.7202158,Fast
-2.8111353,2.9772825,2.9772503,Fast
-0.38368118,-0.12960339,0.7958381,Fast
-2.380656,-0.9148903,1.939006,Fast
1.1599386,-0.42419052,0.22967935,Fast
2.7519815,2.562653,-3.3737745,Fast
1.0246221,2.2056947,-2.7190566,Fast
1.4170452,-1.0340943,0.21070004,Fast
-2.801808,0.89881897,3.3961623,Fast
-0.995886,0.35633564,1.3755202,Fast
-1.873645,-0.8523855,2.1934707,Fast
0.20866,-1.2081518,1.4512085,Fast
2.6724138,2.5239372,-4.120324,Fast
0.5040324,3.2998033,-4.147884,Fast
1.3565524,-0.88972855,-0.5399418,Fast
-3.7115111,0.40193558,2.7060263,Fast
-0.33089384,1.4561024,1.3023417,Fast
-1.1305025,-0.95462227,2.095962,Fast
-1.0456438,-0.71152115,2.269947,Fast
2.1647449,1.9996738,-3.1939938,Fast
1.8788093,3.2854629,-4.1678724,Fast
1.6776874,-0.5790453,-0.57357,Fast
-3.1849957,-1.7069826,2.6969569,Fast
-0.11643606,4.250143,1.427491,Fast
-0.8875775,-1.6498237,1.8113527,Fast
-0.09963143,-0.85957813,1.8591325,Fast
2.7301912,0.8217039,-1.3735389,Fast
1.9186401,3.1432266,-4.3588624,Fast
0.112298965,-0.2828989,-1.4556994,Fast
-1.3181144,-1.1169581,1.466049,Fast
-1.3524978,-2.6634645,-8.4257126E-4,Fast
0.74368095,3.9465942,0.35075545,Fast
-1.9154495,1.9641619,4.3336244,Fast
0.9380038,-1.4117417,0.20395374,Fast
2.8511481,1.7428322,-3.3798637,Fast
-0.5611876,0.34480667,-0.4263978,Fast
-1.0177078,-0.5279484,1.0350673,Fast
-0.5784639,3.037384,-0.8371742,Fast
-1.2128308,-0.6140785,1.4337895,Fast
-0.26364923,-0.46799755,0.22401237,Fast
0.8221251,-0.58567715,2.3860104,Fast
1.4356024,4.75086,-0.43767,Fast
2.143992,1.2344985,-3.6235998,Fast
0.88398826,-1.2723002,-2.0152097,Fast
0.95922446,-1.700944,0.2591858,Fast
-3.0998836,1.0591125,2.664504,Fast
-0.5115476,0.3556347,0.4220543,Fast
-1.2702435,-0.51885605,0.17473674,Fast
-0.4520408,-0.18187428,1.7771217,Fast
0.58422637,-0.5772114,1.2119952,Fast
2.5014987,1.1937351,-3.6285062,Fast
-0.0992043,2.0133839,-3.8279967,Fast
-0.19227624,0.43459415,-0.010559082,Fast
-1.8911431,-2.1369276,1.5157793,Fast
-0.6448386,2.4054499,1.7912855,Fast
-0.6171777,-0.93729305,-0.0766263,Fast
-1.3814732,0.14137173,2.0105226,Fast
-0.34861267,-1.0268145,2.0717895,Fast
1.909122,2.0835705,-2.8464186,Fast
1.4418354,1.8715725,-4.341325,Fast
0.16223383,0.88163996,-1.0354705,Fast
-0.367136,-1.515562,1.0120845,Fast
-0.22815084,1.314786,2.6930888,Fast
-0.84152865,0.07923126,-0.8025298,Fast
-0.77588177,-0.010806084,0.5661464,Fast
-1.4202838,-0.20857811,1.7506251,Fast
1.4886075,-0.5288172,2.6001868,Fast
1.3126363,2.4796824,-4.527828,Fast
3.0096684,7.687437,-6.8716464,Fast
0.6249814,5.269617,0.04264021,Fast
1.2258592,1.2054682,0.74132776,Fast
-0.6719928,-0.36552903,-0.6578975,Fast
0.7950425,1.4337647,-1.2147183,Fast
-6.0592604,-6.2166915,0.92741966,Fast
-3.0608997,-2.0158417,3.728571,Fast
1.8247738,-0.41452777,-4.511482,Fast
1.1584263,0.80552757,-1.2228231,Fast
-1.4327936,-0.8284126,1.0723505,Fast
-1.355742,-1.0666509,0.032670975,Fast
-0.64549136,-0.44876194,-0.16593266,Fast
-0.88743615,-0.6490619,0.79681015,Fast
-0.87214136,-1.3005929,0.753767,Fast
-0.17015219,-1.0605247,1.3498073,Fast
0.6167207,-0.3253187,0.48935843,Fast
0.6757207,-0.5787401,-0.03196621,Fast
-2.597941,-0.63161874,1.7050095,Fast
0.22015715,-0.93682384,0.27103424,Fast
1.0807371,0.023126125,-0.7694578,Fast
1.6472235,-0.016612291,-0.3326292,Fast
0.6642101,5.7906895,1.3003473,Fast
-0.25784588,4.7568073,1.1575146,Fast
-1.2289281,2.4227715,2.1359673,Fast
2.953672,-0.36228418,1.3681602,Fast
1.5149956,-0.24142742,0.21288204,Fast
-0.48386192,0.44611645,0.53931427,Fast
-1.649365,-3.9575777,1.0715108,Fast
0.3519411,-4.3328056,1.3893876,Fast
-0.8689575,-5.8424797,-2.316783,Fast
-0.02345705,-2.2544527,-2.7922287,Fast
-0.61964846,0.2967013,-1.0526905,Fast
-3.49545,0.11814621,-0.7879782,Fast
-1.1194665,0.23666058,0.5886593,Fast
-0.14241374,0.23370752,0.39303017,Fast
0.25865996,0.68354833,-1.302084,Fast
-1.249218,-0.2934417,-0.3081026,Fast
0.08326769,0.17735934,0.5148134,Fast
-1.3461438,0.31316864,0.8801327,Fast
-0.69433314,0.35150182,0.8049936,Fast
0.48483932,0.80369484,-0.557189,Fast
0.8011896,0.5451137,0.6470833,Fast
-0.22938178,0.32485783,1.1512489,Fast
0.62992185,-0.09049606,-0.31855774,Fast
0.056367517,-1.8456643,0.010800362,Fast
1.3239623,-0.15667188,-0.5589123,Fast
1.7631525,1.0618372,0.8479643,Fast
0.86217225,0.6198703,0.08503723,Fast
0.55077624,5.9070196,2.5772943,Fast
-1.0188596,1.21592,1.0646238,Fast
1.6204243,-0.8944855,1.7999892,Fast
3.529001,2.2463484,-0.81320333,Fast
0.22869015,1.2812786,3.3928342,Fast
2.2488086,-4.9809303,3.294794,Fast
1.553019,-5.1744075,0.25827885,Fast
0.6006794,-4.7232,-2.6765666,Fast
-0.22679186,-0.37152016,-3.838615,Fast
-1.1683226,0.1441927,-0.7540331,Fast
-0.27490473,0.576528,1.2874498,Fast
-0.6340046,0.3072858,0.21298265,Fast
0.41738605,1.8015691,3.0731401,Fast
1.1415329,1.3415523,0.10949755,Fast
0.6710377,-1.1434324,-0.3606906,Fast
-1.1756668,-0.09777093,0.15925217,Fast
1.6089287,-0.9476602,0.55827236,Fast
-1.046432,0.6710503,-0.12647486,Fast
-0.32146883,-0.0059725046,0.3385558,Fast
-0.82848024,0.47894984,-0.018465519,Fast
0.10343647,-1.8686934,-0.11440086,Fast
-1.6973658,-2.3264701,0.694479,Fast
-0.8580704,-2.1012259,0.4898877,Fast
0.25780725,-1.6890748,-0.016839504,Fast
-0.08079052,-1.5167074,0.34430695,Fast
1.2839532,-0.4714594,1.137816,Fast
1.4010463,-0.090052605,1.8187003,Fast
0.30384922,-0.51538515,1.942694,Fast
1.0559182,-0.047083855,0.7577884,Fast
0.017506123,0.7647147,-0.21274829,Fast
-1.221962,-1.2622089,-0.89524007,Fast
-1.734992,-1.2713666,-1.6993799,Fast
-0.41606855,0.050123215,-1.3408009,Fast
0.31374454,-0.40642738,-1.214299,Fast
-2.154902,-0.38946152,1.0347753,Fast
0.37004662,-1.4250169,2.9419036,Fast
-2.6681437,3.6845703,2.1471124,Fast
-3.849526,-9.224906,-1.703257,Fast
2.1591394,-7.7135763,-3.3544903,Fast
1.2973808,-7.7172832,-2.4921186,Fast
3.5624263,-3.0408936,-7.798506,Fast
-6.305251,14.982219,7.5388503,Fast
-2.5990381,-0.66881514,8.716742,Fast
-4.10581,-2.1366553,6.7934194,Fast
-0.9159093,-4.180766,1.8775721,Fast
-0.8792045,-3.1818376,1.0600476,Fast
-1.2177579,-1.4985905,0.81771946,Fast
-0.31393865,-0.30858898,1.154428,Fast
-0.013629854,0.3243065,2.288069,Fast
0.4513738,0.28878117,0.56134367,Fast
2.8294623,2.4798145,-3.148701,Fast
2.5046995,5.4759316,-4.106325,Fast
0.98993015,7.1580095,-1.3308811,Fast
0.5711231,2.2224364,1.1684709,Fast
1.0981383,-0.024514318,0.6905365,Fast
-0.5900512,-0.6727786,0.27125216,Fast
-0.36053085,-0.119149745,0.527009,Fast
-1.6553626,-0.9643811,0.487123,Fast
-0.09320259,0.19155926,0.39822817,Fast
-0.5734048,-0.3200599,0.49087715,Fast
-0.37477303,-0.65020645,0.7078786,Fast
-1.7004647,-0.88238806,1.1951747,Fast
-0.062002182,-0.8873749,0.76250696,Fast
-2.2303,-3.2258227,2.124436,Fast
-1.508256,-1.2353222,-0.9969578,Fast
-0.4494028,-0.39375353,-1.66083,Fast
-0.4211285,0.44972944,-1.9262486,Fast
0.20895672,1.7462475,-0.07360029,Fast
0.7484498,0.8853731,-1.4504833,Fast
-1.2125528,-2.150072,3.5319176,Fast
-3.025335,-0.23022127,5.852008,Fast
3.9694502,0.34360647,-0.4212451,Fast
-1.4258602,-0.24473667,1.2687016,Fast
-1.8247918,-0.361444,-1.3842497,Fast
5.7630143,-4.556533,-2.1331115,Fast
-3.5624428,0.21589375,3.040793,Fast
0.7033119,2.1185284,-0.7544384,Fast
0.48788524,0.6168523,0.41130495,Fast
0.25650358,0.7570729,0.23354578,Fast
0.90944767,1.0288329,-0.17106342,Fast
-0.13093567,0.22628212,-0.62556887,Fast
1.5168896,1.7262917,-0.28436518,Fast
-4.6902633,-3.2997022,0.81350374,Fast
0.99270034,-8.423602,-0.9624727,Fast
5.7438674,-7.3868995,-3.4173374,Fast
-3.3266926,14.851946,8.171133,Fast
-2.4861102,4.61527,3.7550683,Fast
3.2227554,-3.3983574,-1.9646163,Fast
1.4120178,1.454349,-0.14570236,Fast
-1.2391877,-1.5583224,1.1015496,Fast
-1.4187801,-2.5885806,3.4249253,Fast
-0.79848814,1.3145962,2.4366195,Fast
-0.86044705,-1.2347784,0.6211128,Fast
1.904393,0.54940796,0.02388835,Fast
1.9146469,-0.1830864,2.3638487,Fast
3.590823,-0.52504826,2.2991695,Fast
2.2527707,2.7705965,-2.1489885,Fast
-0.87413836,-0.35316277,-0.6444564,Fast
-2.1469514,-1.2691159,-0.1868329,Fast
-2.0828753,-1.1085863,-0.5883994,Fast
-3.3364735,0.74159145,-0.9779506,Fast
0.7729691,0.5763502,1.6904554,Fast
-1.2121779,-0.5299616,4.0598855,Fast
-2.2266433,-1.2397146,2.9722972,Fast
-0.45328486,2.6383276,-3.5344641,Fast
1.479976,2.064989,-4.233589,Fast
0.24494791,0.7149811,-0.8127475,Fast
0.5414698,-1.7820201,1.1494708,Fast
-0.8847048,1.0928478,3.1227195,Fast
-1.0562376,-0.18092251,0.38865948,Fast
-0.7479342,-0.084858894,3.0061193,Fast
0.9375675,-1.2154388,2.1543975,Fast
1.6452848,2.8091593,-3.450281,Fast
0.8048353,1.622971,-3.6662276,Fast
-0.15666342,0.46224785,-0.4937005,Fast
-0.46509838,-1.0792875,1.3619797,Fast
-0.3708489,-0.13059998,1.5454943,Fast
0.57102114,1.9043865,-2.005731,Fast
-0.83347785,1.3350163,-1.0091767,Fast
-0.13426515,-0.09994221,-0.083892345,Fast
-0.19900751,0.29388714,-0.16288662,Fast
0.5592848,1.1079612,-0.8029442,Fast
0.80597293,1.6619987,-1.7483883,Fast
0.9724369,2.9149878,0.14673328,Fast
-1.374378,2.7581198,-0.69757175,Fast
-1.5001984,1.0285306,1.5554733,Fast
-0.5473397,2.9056423,1.9146357,Fast
-0.02103044,1.6729685,-0.092635155,Fast
1.870088,-2.313316,0.17206573,Fast
2.7778735,-2.6119375,1.4169769,Fast
0.9440739,0.57555175,1.7190151,Fast
0.5526631,-4.081315,-0.64668655,Fast
-1.1004348,-0.47963947,0.07788181,Fast
-1.9718225,-2.3926706,-2.0390658,Fast
0.16631198,2.0580344,-0.26321793,Fast
-0.7690389,1.6698518,1.1603107,Fast
-0.6262722,3.39189,1.4485435,Fast
0.2591803,-1.3377771,-1.6964941,Fast
0.23339355,-0.91099596,0.3453827,Fast
0.11844134,-0.41136146,-0.055793762,Fast
-1.6230886,0.13798046,0.22588253,Fast
-0.4918921,-0.65995693,-0.21822262,Fast
-1.2101548,-1.7696521,0.12239838,Fast
0.79278517,-1.391069,-0.31402397,Fast
0.10948181,-5.3816023,3.8950815,Fast
0.1660676,-4.214889,0.9679675,Fast
0.72542095,-2.2394352,-2.0271177,Fast
0.25368214,-0.17783546,-2.8555236,Fast
-1.3225236,1.5490248,-0.4224348,Fast
-1.30721,0.6063912,-0.14208984,Fast
1.1994941,0.46674776,-1.8853626,Fast
-2.050893,2.6161134,0.40613365,Fast
-0.14581156,0.21310759,0.73459196,Fast
-1.3226659,-2.1069064,2.31422,Fast
-0.46019435,-0.85606194,1.8737478,Fast
0.6756097,-0.5327201,0.31733704,Fast
-2.5401602,-0.859674,0.2928772,Fast
-1.697946,2.0507374,-0.48205185,Fast
-0.37884176,4.607994,0.40263367,Fast
-0.1591566,3.1942453,0.32095432,Fast
-1.2107562,1.2907059,-0.2059946,Fast
-1.0215847,1.379569,1.0355616,Fast
-0.22642684,0.745656,0.3330841,Fast
-0.7275746,0.9874108,0.26651382,Fast
-1.3668431,0.6646383,1.4338694,Fast
-0.7060678,1.2753005,1.8785553,Fast
1.3655772,1.5835485,1.1775665,Fast
4.0116596,0.59746504,-0.37711048,Fast
2.1244202,0.2152338,0.063179016,Fast
0.54947096,-1.7872434,-0.54389143,Fast
1.0524071,-1.4981227,0.40920496,Fast
0.4314016,-1.688653,-1.5802212,Fast
1.5495846,-1.460643,-0.72229576,Fast
-0.02268362,-2.4877465,-2.2933612,Fast
0.33053148,-0.2885344,0.7874174,Fast
-1.3901986,0.21331501,-1.5091815,Fast
0.82992697,-0.5639496,1.5470562,Fast
-0.12226248,1.0071478,-0.01101017,Fast
-0.42546487,-0.1660986,0.10165119,Fast
0.9880903,-0.1787045,0.50083447,Fast
-0.6398797,-3.501294,2.9684935,Fast
3.5288181,-1.9097838,-1.6423564,Fast
2.633428,2.149423,0.010000706,Fast
-0.29661036,0.32324195,1.1502256,Fast
-1.1743731,1.5338076,-0.14865303,Fast
-0.53843355,-0.24986553,-0.24869633,Fast
-1.2215753,0.10622883,-0.3528266,Fast
-0.0026240349,0.547066,0.120034695,Fast
0.35169792,0.17293501,0.64255524,Fast
0.2507863,-1.2899823,0.3848138,Fast
-1.0834618,-0.6283686,-0.8305979,Fast
-0.17515182,0.44149208,-0.35949373,Fast
-1.2156849,-0.8361397,0.7388663,Fast
-2.1198044,-1.2447245,-0.83059883,Fast
0.041627884,-1.7053716,-0.9892683,Fast
-3.5023217,0.33312416,-1.1063805,Fast
-0.25964856,0.7464936,-0.25875664,Fast
-2.0975735,0.1276586,0.5121355,Fast
-0.67375827,-3.2515626,2.1445198,Fast
0.33659315,-4.8253756,2.4352713,Fast
1.4534252,-2.1115181,-1.0046339,Fast
0.49371028,-0.36158562,0.83863974,Fast
3.4907975,0.83661366,-2.4770555,Fast
0.8964567,2.1415584,-2.055368,Fast
-1.0115957,1.2827711,1.401125,Fast
-1.2640338,0.15185118,0.13934612,Fast
-0.16257787,-0.08091545,0.10095692,Fast
0.009616613,0.61330366,-0.28990555,Fast
0.05911112,0.8353245,-0.13224792,Fast
-0.25057817,0.15639186,-0.7728329,Fast
0.5538863,1.3664067,1.1173782,Fast
-0.78267384,1.08529,-0.051608562,Fast
-2.9018173,-5.4999924,0.7439356,Fast
3.1846156,-8.767234,-1.2378356,Fast
3.6997418,-6.8963065,-3.3089898,Fast
2.8967552,-0.16203213,-3.188328,Fast
-5.5411787,12.881738,10.019891,Fast
-7.3296185,2.4193006,11.391857,Fast
-0.92983174,-4.6966715,2.4539852,Fast
-1.6488519,-3.9123158,0.64118147,Fast
-1.2649024,-2.1050053,0.85733604,Fast
-1.4551647,-0.9748335,1.8563604,Fast
0.97297156,0.6233444,-0.10202122,Fast
3.140699,0.78002167,-3.8536706,Fast
-1.3687267,2.9497094,-2.7732353,Fast
-0.9118922,-0.20218897,-0.8438654,Fast
-4.872715,1.2985964,1.3858843,Fast
1.0257598,0.6891289,0.33128452,Fast
0.1662178,-0.39086723,-0.0638659,Fast
0.28372943,-0.18024063,0.51341784,Fast
1.6690665,0.013871193,1.1155978,Fast
2.354315,1.9161253,-1.7616076,Fast
2.5923316,2.3221216,-2.2345061,Fast
1.1257026,0.38232183,-0.008107185,Fast
0.23048663,-1.3261318,1.2852454,Fast
-0.49922657,1.1655684,3.5733542,Fast
-0.007937074,-0.77145004,-0.10454154,Fast
0.6499151,0.5917349,1.4665762,Fast
0.87166077,-0.43114376,1.8264202,Fast
2.3554301,-0.37883186,-2.7994034,Fast
-1.4181027,3.2169285,-2.8988142,Fast
-1.464605,-0.23837852,-0.74995995,Fast
-1.6146528,0.31429386,-1.8206673,Fast
-0.16897547,1.0344057,0.67318726,Fast
0.642156,-0.7485204,0.30443144,Fast
0.6361651,0.79971504,0.1518383,Fast
0.7112018,0.3573885,-0.20912552,Fast
0.9338427,0.3253212,0.32646275,Fast
2.420061,0.99703693,-1.0631299,Fast
3.2038245,1.0482349,-2.4290762,Fast
1.4824142,2.4329374,-2.7199988,Fast
-0.25532198,1.7809947,0.94374275,Fast
-2.512816,4.321108,2.7535677,Fast
-2.5702891,-0.1596365,-0.7570901,Fast
-0.4492283,-2.2097278,-1.0498447,Fast
0.78320026,-2.393619,1.2087059,Fast
1.0254831,-0.055036485,0.0532856,Fast
0.6357832,0.00990957,-0.66948605,Fast
0.9731078,0.43578672,-0.13496351,Fast
0.018797398,0.5259479,0.41660595,Fast
0.07635784,-1.551206,0.48706865,Fast
-2.9095001,-2.1480417,2.4809818,Fast
-0.41249752,-4.239025,1.7872381,Fast
0.5815115,-1.4184747,-1.220417,Fast
-0.17486763,0.12775612,-0.41748667,Fast
-1.6685238,-3.2823012,-1.3809853,Fast
0.78467417,1.191854,0.012065411,Fast
-0.5016351,0.13149786,-0.0634284,Fast
-2.6680257,5.5299816,-1.4495835,Fast
-3.3647363,6.280281,0.44369316,Fast
-0.632807,1.4658079,0.49827623,Fast
0.6955638,-1.940886,-1.0324183,Fast
1.2327797,-1.7645392,0.9629111,Fast
0.26397657,-0.3952098,1.344204,Fast
0.070661545,0.12115526,0.9295497,Fast
-0.7573354,0.032352448,-0.0455513,Fast
-2.238123,0.33813143,-0.55708885,Fast
-1.510476,-0.7349329,0.21561718,Fast
-0.41109562,0.13193703,-0.66805696,Fast
-0.30457854,-0.8718848,-0.9512844,Fast
0.73213005,-0.30590868,0.7443905,Fast
-3.1447508,2.2339535,1.8918972,Fast
1.8005524,8.004825,3.1748698,Fast
5.6895347,2.6693199,5.279642,Fast
2.881669,-7.325513,-7.6135607,Fast
-4.686645,3.8528504,2.3786392,Fast
3.0860312,1.3499942,-6.2326818,Fast
2.5613098,3.8083673,-2.5289512,Fast
2.375891,3.676956,-2.4677148,Fast
2.251478,3.4961567,-2.344965,Fast
2.1362038,3.321745,-2.223423,Fast
1.4285294,2.2133658,-1.4786072,Fast
0.94741297,1.4754049,-0.9855261,Fast
0.63647676,0.98487,-0.6538439,Fast
0.42601347,0.65376043,-0.44186497,Fast
0.27989998,0.43625027,-0.29763317,Fast
0.1823082,0.29037675,-0.19589043,Fast
0.123844504,0.198161,-0.12901783,Fast
0.087107204,0.13181964,-0.08746624,Fast
0.054704398,0.090394124,-0.056567192,Fast
0.041636616,0.06085985,-0.035648346,Fast
0.016885534,0.03670425,-0.029042244,Fast
0.01625365,0.027798511,-0.016810417,Fast
0.011451498,0.019784685,-0.008659363,Fast
1.08614564E-4,0.014995057,-0.00976944,Fast
0.0075485557,0.012284908,-0.011306763,Fast
0.009163842,0.008163784,-0.0029172897,Fast
-7.174015E-4,0.00505168,-0.0059309006,Fast
-0.0021074861,9.800643E-4,0.0017910004,Fast
0.0015241355,3.3903494E-4,-8.8596344E-4,Fast
-3.7671626E-4,-0.0015283041,-0.0050592422,Fast
-0.0038793236,0.0063198674,-4.9972534E-4,Fast
0.0032792538,-0.00240881,0.0034980774,Fast
-0.0037655383,0.003029082,-0.00915432,Fast
0.0061455816,-0.0017267801,7.638931E-4,Fast
-8.9100003E-4,-0.0021054447,6.713867E-4,Fast
0.0016011149,-0.004275173,0.0018863678,Fast
-0.0083131045,6.711073E-4,-0.0020895004,Fast
0.0050289184,0.0016410723,-0.0021886826,Fast
0.0015637428,7.8118965E-4,0.001572609,Fast
0.0032308549,0.0018676259,0.0015306473,Fast
0.0037100166,-3.5258755E-4,0.0029363632,Fast
-0.0047427565,-0.0014319904,0.0033931732,Fast
0.004867807,-0.0021385215,-0.00779438,Fast
0.0044956654,0.0013656504,0.004216194,Fast
-0.0031013936,8.32241E-4,-0.006287575,Fast
-0.0048965365,0.0027972795,9.16481E-4,Fast
0.0023697168,-0.0025173388,-0.0019445419,Fast
0.0016200542,0.004308779,1.4400482E-4,Fast
0.004319221,-0.004072044,0.004880905,Fast
-0.0039396584,0.004869882,6.198883E-5,Fast
-0.002419874,0.0024430826,-0.0010786057,Fast
0.0031420141,3.532879E-4,0.0011949539,Fast
-0.00744541,-7.2524324E-4,-0.0060634613,Fast
0.0030598342,0.0015962683,0.002023697,Fast
-0.0036569685,-0.0032433197,0.0048589706,Fast
0.0021562576,-0.002078738,0.0018014908,Fast
-0.002905041,0.0039576255,-0.0039081573,Fast
-0.004447624,-7.9297647E-4,-0.008191109,Fast
-0.0014802814,-0.0032429434,-0.002111435,Fast
-8.6043775E-4,7.172935E-4,-7.696152E-4,Fast
-0.003313437,-0.0030317493,1.20162964E-4,Fast
0.007890329,0.0038934909,0.011254311,Fast
-7.5495243E-4,-0.0026714653,-0.0035123825,Fast
-0.0045211166,0.0019619875,-0.0041017532,Fast
0.0043715388,0.0027522482,-0.0011377335,Fast
0.0035134703,2.465956E-4,-0.0013933182,Fast
-0.0020768344,0.0027946644,0.001461029,Fast
0.0022473782,-2.0886958E-4,-0.0018968582,Fast
0.0024989992,-0.002056051,0.0035238266,Fast
0.0064976066,0.005352013,0.011609077,Fast
0.0024657547,-9.676479E-4,-0.0019979477,Fast
-0.0014913678,0.0033480711,-0.0050086975,Fast
8.880794E-4,-3.1371787E-4,-0.0023832321,Fast
-0.0073384494,-0.002034977,-0.005101204,Fast
-0.0056341738,3.288053E-4,-2.1457672E-4,Fast
-1.309216E-4,-7.305816E-4,-0.0012540817,Fast
-0.0016396791,-0.0023944862,2.8133392E-4,Fast
-0.0032772422,-9.421855E-4,0.0044956207,Fast
-0.0018222034,-0.0049311556,-0.0030670166,Fast
-0.0022883266,-8.7510794E-5,-0.0023641586,Fast
0.0062619746,0.0024250783,0.004808426,Fast
0.0034261793,-8.555278E-4,0.0054368973,Fast
0.0060870647,0.0023874976,-0.0024442673,Fast
1.10358E-4,-8.771606E-4,-0.0027456284,Fast
-0.006184265,-7.3798373E-4,-0.0011930466,Fast
0.003338471,0.003903769,-0.0025482178,Fast
-0.0049065202,-0.0033780634,3.7288666E-4,Fast
-0.001957491,7.789396E-4,-0.0030994415,Fast
0.0043307543,4.535541E-5,-0.0039834976,Fast
-4.978031E-4,0.0027626194,0.0011739731,Fast
-0.0018018335,3.3354387E-4,0.0033369064,Fast
-1.296699E-4,-0.0025533289,0.0017518997,Fast
-0.0010839999,0.0015905872,0.0018100739,Fast
-4.299879E-4,-0.0026857369,0.0016822815,Fast
-0.0039841086,0.0010966845,-0.0030317307,Fast
0.0021055937,0.0012305193,-0.0031404495,Fast
0.004638955,-0.0032415502,0.0018978119,Fast
-0.001160562,-0.0015098415,7.8201294E-4,Fast
-0.004804343,-3.5983324E-4,4.4822693E-5,Fast
-0.0025149733,0.0012206435,0.0019445419,Fast
-0.005540684,-0.0011732355,-0.009238243,Fast
0.007126525,0.0019389167,6.484985E-5,Fast
0.0040721744,-0.0042789616,0.0061120987,Fast
0.004347563,0.002987463,-0.0010280609,Fast
-0.0033664256,0.0020077564,-4.386902E-5,Fast
0.002925709,-0.0028049015,-1.9741058E-4,Fast
-0.007819027,-0.0023311116,0.001625061,Fast
-0.004920885,-0.0013910569,-1.9741058E-4,Fast
-0.003639996,-0.0010771416,-0.0053958893,Fast
0.0064789355,0.004412636,0.0029468536,Fast
-0.0019515902,8.009374E-5,-0.0010614395,Fast
0.006761402,0.0016394556,-0.004822731,Fast
1.0115712,0.0011798367,0.074318886,Fast
-0.912344,-0.10631995,-0.16002941,Fast
-0.057257757,-0.019628406,0.04587555,Fast
0.02370201,-0.002929002,-0.006463051,Fast
0.0037961751,-1.3764203E-4,0.0022888184,Fast
0.0010693818,1.5563145E-4,-0.0032281876,Fast
0.024646029,0.014539178,0.008765221,Fast
-0.027257815,-0.0014779009,0.005206108,Fast
0.0016872138,0.001013387,0.003657341,Fast
0.006437987,-0.0059940927,-4.0340424E-4,Fast
-0.014107883,-0.013136886,-0.0012950897,Fast
0.017601624,0.0043975636,-0.015862465,Fast
-0.003792733,0.005480867,0.010974884,Fast
-0.005137533,0.0015456788,-0.026309967,Fast
0.104758546,-0.01728947,0.009179115,Fast
0.07258187,0.12309198,0.0049085617,Fast
0.22670147,-0.072137535,0.28558445,Fast
-0.18131,-0.0133562535,0.08551121,Fast
-2.5805936,0.55942845,-0.78199863,Fast
-6.4439955,-3.8587046,-10.334984,Fast
4.144723,-2.6754985,-13.217257,Fast
0.4176743,2.729555,-1.1285625,Fast
-0.34410214,0.4586164,0.96277237,Fast
-2.6708395,-0.28509903,-0.2014904,Fast
-1.0827086,-2.877085,0.40165424,Fast
2.27829,-0.30123568,0.84499836,Fast
3.7170324,1.2561475,0.543417,Fast
4.400013,1.1005396,0.35842323,Fast
3.5587735,4.7993784,0.8691559,Fast
-0.45345473,3.5299442,1.2557888,Fast
-1.2915087,-1.4172833,2.5290804,Fast
0.12920856,-0.61319435,0.45463562,Fast
-0.45168662,1.1371474,-0.25007915,Fast
-0.13721657,3.1358876,-0.16129875,Fast
